name,brand,zone,commune,landmarks,fuels_sold
Kimoil Fuel Stop,Kimoil,Centre-Ville,Mukaza,Boulevard de l'Uprona,"Essence;Gasoil"
InterPetrol Brasserie,InterPetrol,Ngagara,Mukaza,Près de l'hôpital Centre de Soins BRARUDI,"Essence;Gasoil"
STATION VIP,VIP,Rohero,Mukaza,Près de Regideso Direction Commerciale,"Essence;Gasoil"
Station King Star,King Star,Rohero,Mukaza,Avenue de la JRR,"Essence;Gasoil"
InterPetrol Musée Vivant,InterPetrol,Rohero,Mukaza,Face au Musée Vivant de Bujumbura,"Essence;Gasoil"
InterPetrol Energy Marché Central,InterPetrol,Centre-Ville,Mukaza,Ancien Marché Central de Bujumbura,"Essence;Gasoil"
Delta Rohero,Delta,Rohero,Mukaza,Boulevard du 1er Novembre,"Essence;Gasoil"
Engen Rohero,Engen,Rohero,Mukaza,Chaussée du Peuple Murundi,"Essence;Gasoil"
Kobil Buyenzi,Kobil,Buyenzi,Mukaza,Avenue de l'OUA,"Essence;Gasoil"
TotalEnergies Centre-Ville,TotalEnergies,Centre-Ville,Mukaza,Place de l'Indépendance,"Essence;Gasoil"
Yakeime Oil Kinindo,Yakeime,Kinindo,Muha,Avenue du Large,"Essence;Gasoil"
Delta Kibenga,Delta,Kibenga,Muha,Route Nationale 3,"Essence;Gasoil"
InterPetrol Kibenga,InterPetrol,Kibenga,Muha,RN3 près du pont Kanyosha,"Essence;Gasoil"
Station Safari City Kanyosha,Safari City,Kanyosha,Muha,Avenue Gisyo,"Essence;Gasoil"
Mogas Ex-King Star Kanyosha,Mogas,Kanyosha,Muha,RN3 Kanyosha,"Essence;Gasoil"
InterPetrol Energy Kanyosha,InterPetrol,Kanyosha,Muha,Près du marché de Kanyosha,"Essence;Gasoil"
Mezzo Oil Kanyosha,Mezzo Oil,Kanyosha,Muha,Avenue de la paix Kanyosha,"Essence;Gasoil"
Kobil Kizingwe,Kobil,Kizingwe,Muha,Avenue Kizingwe,"Essence;Gasoil"
Safali Oil Kizingwe,Safali Oil,Kizingwe,Muha,Près de l'école fondamentale de Kizingwe,"Essence;Gasoil"
Station Noe Ruziba,Noe,Ruziba,Muha,RN3 axe Bujumbura-Rumonge,"Essence;Gasoil"
Geprotis Ruziba,Geprotis,Ruziba,Muha,Ruziba Rural,"Essence;Gasoil"
Mega Oil Ruziba,Mega Oil,Ruziba,Muha,Près du poste de police de Ruziba,"Essence;Gasoil"
Station Gare du Sud,Gare du Sud,Kanyosha,Muha,Terminus des bus Gare du Sud,"Essence;Gasoil"
Mogas Aupare,Mogas,Kanyosha,Muha,Quartier Aupare,"Essence;Gasoil"
Station Quick Service Musaga,Quick Service,Musaga,Muha,Boulevard de la Liberté,"Essence;Gasoil"
InterPetrol Energy Musaga,InterPetrol,Musaga,Muha,Avenue du Large vers Musaga,"Essence;Gasoil"
Lybajas Musaga,Lybajas,Musaga,Muha,Avenue Kiriri,"Essence;Gasoil"
Safari Oil Musaga,Safari Oil,Musaga,Muha,Entrée Musaga,"Essence;Gasoil"
Petro Muha de Musaga,Petro Muha,Musaga,Muha,Rond-point Musaga,"Essence;Gasoil"
Kigobe City Oil,City Oil,Kigobe,Ntahangwa,Boulevard du 28 Novembre,"Essence;Gasoil"
InterPetrol Cibitoke,InterPetrol,Cibitoke,Ntahangwa,Boulevard du 28 Novembre angle 10ème Avenue,"Essence;Gasoil"
Kobil Kanyaru,Kobil,Kanyaru,Ntahangwa,RN1 sortie nord,"Essence;Gasoil"
Delta Kamenge,Delta,Kamenge,Ntahangwa,Boulevard du Peuple Émir,"Essence;Gasoil"
InterPetrol Kamenge,InterPetrol,Kamenge,Ntahangwa,Près du grand marché de Kamenge,"Essence;Gasoil"
Engen Ngagara,Engen,Ngagara,Ntahangwa,Quartier 4 Ngagara,"Essence;Gasoil"
Kobil Kinama,Kobil,Kinama,Ntahangwa,Chaussée d'Agriculture,"Essence;Gasoil"
